schema_version,table_id,filename,rows,bytes,sha256,source_files,notes
1.0.0,appendix_c_decay_replicates,appendix_c_decay_replicates.csv,2311902,122883047,03c00bc8a0775efdc74c502254119183a97fc6181fc84ddcf67f00817e7073a0,FigureC1.mat,Column 1 is the normalization count; columns 2-201 are future counts at event delays 1-200
1.0.0,appendix_c_frequency_distributions,appendix_c_frequency_distributions.csv,675,33888,4a583efc5ae87a51f67fae00ff97e38a4a6307b0dbbe966a93c85e81ac11c2a1,FigureC1.mat,Cached Figure C1a distributions; referenced upstream construction files were not released
1.0.0,appendix_c_no_revival_trials,appendix_c_no_revival_trials.csv,2219920,244609943,c7c2720ecde5e8133e2b3d100ddc9b36acb3df12cad49a6756e732976f6f8314,FigureC1.mat,First two columns produce the new/no-revival curve in Figure C1c; meanings of columns 3-8 are undocumented and their generator is absent
1.0.0,appendix_c_revival_pairs,appendix_c_revival_pairs.csv,9364833,423242322,598efa44a2f1f2d230ef8fe395471a7011910673f3b9fcaa4148c23b56e8575e,FigureC1.mat,Pairs used for the environmental-data and old power-A&M curves in Figure C1c
1.0.0,behavioral_conditions,behavioral_conditions.csv,353,22387,4759185abccc731811e113ae99c1494c5db0c978d121e310aaaeda5b0f969fef,experiments14.mat;Appendix.m,Aggregate condition means only; participant outcomes and denominators were not released
1.0.0,behavioral_experiments,behavioral_experiments.csv,14,2218,8df118ac6c0ddaf67e9e9f6d9471e5a331a8888221f7ece5e0b6948329f20fcf,experiments14.mat;Appendix.m,
1.0.0,behavioral_fit_starts,behavioral_fit_starts.csv,14,1466,04a5a947295d281ecf7b9a0b771f736ab80d69baed60f525a839b24057bb59cf,experiments14.mat;Appendix.m,"These are optimizer starting values, not final fitted estimates"
1.0.0,behavioral_plot_points,behavioral_plot_points.csv,352,36290,0678cd07a749b74a7814a2166e00722ed7b9bb00a8e06169c423681ac7f77436,experiments14.mat;Appendix.m,
1.0.0,behavioral_presentations,behavioral_presentations.csv,2010,73531,4515aadb6f0eadc9da7e2d3c59503e61fec7e79282ed049f2c5d521d58cc9d9b,experiments14.mat,"Ages preserve source order, zeros, repeats, and fractional values exactly"
1.0.0,behavioral_schedule_variants,behavioral_schedule_variants.csv,409,37087,a3bc4b3b27df4eb7735452e286e02b00253d48829fc9afe495e1162334df5652,experiments14.mat;Appendix.m,
1.0.0,bin_definitions,bin_definitions.csv,37,902,6207f9a040a0b0f8f795d324900e727aef9bcabab00a9741c9ef68799b5fbd66,base32.mat,
1.0.0,corpus_occurrences,corpus_occurrences.csv,24342574,1253303349,ef7ce437c5e2fd37d3bc5509df153f83de89a04009521613878958445070ee3a,twitterData.mat;redditData.mat,Within-text duplicate word IDs were already collapsed by the authors
1.0.0,corpus_sources,corpus_sources.csv,1502,87807,506c92bc654ef43208de70c7a322bb6f623e4e0ec45fc73391b5be114ac7444f,twitterData.mat;redditData.mat,Reddit rows are appended by the v7.3 exporter
1.0.0,corpus_texts,corpus_texts.csv,2162837,142790836,a7163c4ff1dda7f20704ef11519364769dce4a3fa71bac18de16795d7275ab3b,twitterData.mat;redditData.mat,
1.0.0,corpus_vocabulary,corpus_vocabulary.csv,60000,1668648,6d317a5b1deeb29d8718bf00941fc4b8e38f0a4b3611b77178adda207562ee71,twitterData.mat;redditData.mat,Word IDs are scoped to corpus_id
1.0.0,environmental_fit_targets,environmental_fit_targets.csv,672,62264,da515b13bd8825d58e84495eacb177f12d52af37113a06bc2f7bc20e2ba38c2b,Combined.mat;base32.mat;displayPair.m,
1.0.0,environmental_model_parameters,environmental_model_parameters.csv,30,2363,e475eac1955848d315a94e470955108b093d5e137a2e0de4f63c304d87f553e0,modelParams.mat,"Released vectors correspond to cached fits; deterministic models replay exactly, whereas stochastic A&M lacks released seeds/search state"
1.0.0,exact_history_cells,exact_history_cells.csv,10404456,212770302,f712bb3b6731f387b0f762b47f46d3adc7f4aeb54d96487d03985e9a8b533e13,Combined.mat,Sparse weighted cells; for N>2 this is not a complete occurrence schedule and has no cell-level hit count
1.0.0,frequency_recency_bins,frequency_recency_bins.csv,3072,208008,f080bbe9da266277efa5d507a3d77cea1a6f19a617c7c3a03fe2bffb82548613,Combined.mat;twitterData.mat;base32.mat,reddit_derived is exactly Combined minus Twitter because redditData.mat omits these summaries
1.0.0,hick_frequency_recency_surface,hick_frequency_recency_surface.csv,1024,54265,f62bc0054221a88286f2bf2dbd555a31d7f90ec73b3d3e642db0c9c9f73aec66,Schneider.mat;Combined.mat;base32.mat,
1.0.0,hick_micro_fit,hick_micro_fit.csv,3,173,b15898f661e4d1115712877455921f71fbdda3e4f7807599301bca8d4b825fa8,Schneider.mat,Released local-optimizer result for the microenvironment fit
1.0.0,hick_microenvironment_odds,hick_microenvironment_odds.csv,10,362,f0dd763c0c79b7e2a0558a1a56a4413353175f87fb1be162ccd3ba566a55a75a,Schneider.mat,
1.0.0,hick_observations,hick_observations.csv,6,138,3c5d6ef4f8239b7703da28f8717f37773980dac80631f7eb4ef5ad18d8856eac,Schneider.mat,
1.0.0,published_environmental_surfaces,published_environmental_surfaces.csv,6048,405107,875e5571c5e02b5df43709885c7eca087ec1b3ceb6e6267eae22f542ec3b635a,display46.mat;display461.mat,Uses display461 for final A&M/AMPE arrays and display46 for deterministic models; stale A&M arrays are excluded
1.0.0,range_frequency_histories,range_frequency_histories.csv,582736,48090615,5c4dc208ae686530f0eb3f33bcd0569054cd9f017ad850bfa3e883e9e4351ee2,allNs1000.mat,source_id joins directly to corpus_sources.csv within corpus_id
1.0.0,range_spacing_histories,range_spacing_histories.csv,128332,7708649,d1ea75d37984c547c605a2a1e837599e87f9c73dfbd7abd19e848d0365c23730,results3to5.mat,Corpus identity was discarded before release; future_count is the number of occurrences in the observation window
1.0.0,spacing_figure_cells,spacing_figure_cells.csv,576,54823,12a8ff41b5088f0293043161801434169937908a6b2fab5659542d56b5446425,Combined.mat;twitterData.mat;base32.mat;displayPair.m,
1.0.0,spacing_recency_bins,spacing_recency_bins.csv,3072,199687,6aec58811cc97c8cfb469f751bfcc689eb3444384f8f0ff8ec0194441e6fa75b,Combined.mat;twitterData.mat;base32.mat,reddit_derived is exactly Combined minus Twitter
1.0.0,three_occurrence_range_bins,three_occurrence_range_bins.csv,2048,179009,1f7cc08698a2382ed461c4ea8e4a993a7415bb4545923b8e7f97fb16c5f6819a,threesTwitter.mat;threesReddit.mat;base32.mat,
1.0.0,three_occurrence_range_groups,three_occurrence_range_groups.csv,320,30052,ac6dc1dd496f72179e0fd4e7b961836f56fb79f0216d7fdec3ba8c0313a2d82b,threesTwitter.mat;threesReddit.mat;base32.mat;displayThree.m,Grouped hit/trial denominators are reconstructed exactly from the released 32-bin arrays
