protocol,experiment1_m1,panel,function,isi_days,ri_days,observed_pct,predicted_pct
forgetting_calibrated,3,a,forgetting,0.003472222222222222,,92.2,89.00090198060927
forgetting_calibrated,3,a,forgetting,1.0,,83.9,79.09554681952682
forgetting_calibrated,3,a,forgetting,2.0,,68.9,69.85676558643408
forgetting_calibrated,3,a,forgetting,4.0,,52.300000000000004,55.54550804573547
forgetting_calibrated,3,a,forgetting,7.0,,43.9,42.23172199608577
forgetting_calibrated,3,a,forgetting,14.0,,28.300000000000004,27.94049448986529
forgetting_calibrated,3,a,spacing,0.003472222222222222,10.0,55.00000000000001,64.22697088865378
forgetting_calibrated,3,a,spacing,1.0,10.0,74.0,64.52355749117062
forgetting_calibrated,3,a,spacing,2.0,10.0,69.0,64.20489045272626
forgetting_calibrated,3,a,spacing,4.0,10.0,68.0,62.949414155926696
forgetting_calibrated,3,a,spacing,7.0,10.0,69.0,60.74108161473283
forgetting_calibrated,3,a,spacing,14.0,10.0,65.0,56.162589750761626
forgetting_calibrated,3,b,forgetting,0.013888888888888888,,96.0,96.81841243094473
forgetting_calibrated,3,b,forgetting,1.0,,92.0,94.24037996115824
forgetting_calibrated,3,b,forgetting,7.0,,79.0,77.84809176528277
forgetting_calibrated,3,b,forgetting,28.0,,48.0,48.64340861375084
forgetting_calibrated,3,b,forgetting,84.0,,28.000000000000004,28.773565862045885
forgetting_calibrated,3,b,forgetting,168.0,,22.0,20.763907915909847
forgetting_calibrated,3,b,spacing,0.013888888888888888,168.0,26.0,33.0978837708527
forgetting_calibrated,3,b,spacing,1.0,168.0,33.0,34.10827874530442
forgetting_calibrated,3,b,spacing,7.0,168.0,47.0,36.40809900332822
forgetting_calibrated,3,b,spacing,28.0,168.0,56.00000000000001,37.3355897280626
forgetting_calibrated,3,b,spacing,84.0,168.0,43.0,35.80452523789378
forgetting_calibrated,3,b,spacing,168.0,168.0,45.0,33.37704319451879
forgetting_calibrated,3,c,forgetting,0.013888888888888888,,93.0,96.78954692939399
forgetting_calibrated,3,c,forgetting,1.0,,84.0,91.22091564837866
forgetting_calibrated,3,c,forgetting,7.0,,56.99999999999999,55.3778236244107
forgetting_calibrated,3,c,forgetting,28.0,,25.0,23.025337696180344
forgetting_calibrated,3,c,forgetting,84.0,,9.0,12.155537977289791
forgetting_calibrated,3,c,forgetting,168.0,,6.0,8.926010757695654
forgetting_calibrated,3,c,spacing,0.013888888888888888,168.0,8.0,11.971575694277902
forgetting_calibrated,3,c,spacing,1.0,168.0,9.0,12.40449327943548
forgetting_calibrated,3,c,spacing,7.0,168.0,14.000000000000002,13.19453066908713
forgetting_calibrated,3,c,spacing,28.0,168.0,26.0,13.313179244958803
forgetting_calibrated,3,c,spacing,84.0,168.0,19.0,12.570720649609923
forgetting_calibrated,3,c,spacing,168.0,168.0,17.0,11.659763456398103
forgetting_calibrated,4,a,forgetting,0.003472222222222222,,92.2,93.73564427531306
forgetting_calibrated,4,a,forgetting,1.0,,83.9,80.79418842357899
forgetting_calibrated,4,a,forgetting,2.0,,68.9,69.95351225437612
forgetting_calibrated,4,a,forgetting,4.0,,52.300000000000004,54.96087403356513
forgetting_calibrated,4,a,forgetting,7.0,,43.9,42.006935514484006
forgetting_calibrated,4,a,forgetting,14.0,,28.300000000000004,28.174227635033333
forgetting_calibrated,4,a,spacing,0.003472222222222222,10.0,55.00000000000001,61.48432830287827
forgetting_calibrated,4,a,spacing,1.0,10.0,74.0,66.47025231170339
forgetting_calibrated,4,a,spacing,2.0,10.0,69.0,67.88566022320515
forgetting_calibrated,4,a,spacing,4.0,10.0,68.0,68.33410452396484
forgetting_calibrated,4,a,spacing,7.0,10.0,69.0,67.47945591910047
forgetting_calibrated,4,a,spacing,14.0,10.0,65.0,64.5062263253122
forgetting_calibrated,4,b,forgetting,0.013888888888888888,,96.0,93.74375840878001
forgetting_calibrated,4,b,forgetting,1.0,,92.0,91.12935328945879
forgetting_calibrated,4,b,forgetting,7.0,,79.0,76.8525873599831
forgetting_calibrated,4,b,forgetting,28.0,,48.0,50.17011871018491
forgetting_calibrated,4,b,forgetting,84.0,,28.000000000000004,28.854723120994773
forgetting_calibrated,4,b,forgetting,168.0,,22.0,19.51738729175468
forgetting_calibrated,4,b,spacing,0.013888888888888888,168.0,26.0,38.225518514707915
forgetting_calibrated,4,b,spacing,1.0,168.0,33.0,39.91840549846282
forgetting_calibrated,4,b,spacing,7.0,168.0,47.0,44.81357241473121
forgetting_calibrated,4,b,spacing,28.0,168.0,56.00000000000001,48.77360901187704
forgetting_calibrated,4,b,spacing,84.0,168.0,43.0,49.062453670695994
forgetting_calibrated,4,b,spacing,168.0,168.0,45.0,46.97632697094542
forgetting_calibrated,4,c,forgetting,0.013888888888888888,,93.0,93.69968393397853
forgetting_calibrated,4,c,forgetting,1.0,,84.0,87.55419304903764
forgetting_calibrated,4,c,forgetting,7.0,,56.99999999999999,56.19443279976464
forgetting_calibrated,4,c,forgetting,28.0,,25.0,23.850340184016027
forgetting_calibrated,4,c,forgetting,84.0,,9.0,10.84148090178964
forgetting_calibrated,4,c,forgetting,168.0,,6.0,6.867527766727999
forgetting_calibrated,4,c,spacing,0.013888888888888888,168.0,8.0,12.577192688503509
forgetting_calibrated,4,c,spacing,1.0,168.0,9.0,13.746830951712505
forgetting_calibrated,4,c,spacing,7.0,168.0,14.000000000000002,16.547280067688746
forgetting_calibrated,4,c,spacing,28.0,168.0,26.0,18.3597415184715
forgetting_calibrated,4,c,spacing,84.0,168.0,19.0,18.001956004647216
forgetting_calibrated,4,c,spacing,168.0,168.0,17.0,16.574876031534348
forgetting_calibrated,5,a,forgetting,0.003472222222222222,,92.2,98.37538358120825
forgetting_calibrated,5,a,forgetting,1.0,,83.9,82.68088275520951
forgetting_calibrated,5,a,forgetting,2.0,,68.9,69.73361396938255
forgetting_calibrated,5,a,forgetting,4.0,,52.300000000000004,53.82691007850631
forgetting_calibrated,5,a,forgetting,7.0,,43.9,41.50695265083703
forgetting_calibrated,5,a,forgetting,14.0,,28.300000000000004,29.210233730972178
forgetting_calibrated,5,a,spacing,0.003472222222222222,10.0,55.00000000000001,64.09380550240787
forgetting_calibrated,5,a,spacing,1.0,10.0,74.0,63.342128598256686
forgetting_calibrated,5,a,spacing,2.0,10.0,69.0,62.07534549493147
forgetting_calibrated,5,a,spacing,4.0,10.0,68.0,59.628993059912396
forgetting_calibrated,5,a,spacing,7.0,10.0,69.0,56.471131090971916
forgetting_calibrated,5,a,spacing,14.0,10.0,65.0,50.97445466459843
forgetting_calibrated,5,b,forgetting,0.013888888888888888,,96.0,92.99487221373217
forgetting_calibrated,5,b,forgetting,1.0,,92.0,90.67275616705287
forgetting_calibrated,5,b,forgetting,7.0,,79.0,77.10818333909994
forgetting_calibrated,5,b,forgetting,28.0,,48.0,49.90687276311923
forgetting_calibrated,5,b,forgetting,84.0,,28.000000000000004,28.667978662298903
forgetting_calibrated,5,b,forgetting,168.0,,22.0,19.830541771155556
forgetting_calibrated,5,b,spacing,0.013888888888888888,168.0,26.0,44.34933290539499
forgetting_calibrated,5,b,spacing,1.0,168.0,33.0,44.37283026356668
forgetting_calibrated,5,b,spacing,7.0,168.0,47.0,44.21616650712551
forgetting_calibrated,5,b,spacing,28.0,168.0,56.00000000000001,42.90812673091478
forgetting_calibrated,5,b,spacing,84.0,168.0,43.0,39.55320244798253
forgetting_calibrated,5,b,spacing,168.0,168.0,45.0,35.893053765545176
forgetting_calibrated,5,c,forgetting,0.013888888888888888,,93.0,92.95816414828325
forgetting_calibrated,5,c,forgetting,1.0,,84.0,87.61770812336334
forgetting_calibrated,5,c,forgetting,7.0,,56.99999999999999,56.653517306338955
forgetting_calibrated,5,c,forgetting,28.0,,25.0,23.177281755778665
forgetting_calibrated,5,c,forgetting,84.0,,9.0,11.025574139285284
forgetting_calibrated,5,c,forgetting,168.0,,6.0,7.546925799593277
forgetting_calibrated,5,c,spacing,0.013888888888888888,168.0,8.0,13.502632996182513
forgetting_calibrated,5,c,spacing,1.0,168.0,9.0,13.527809617974745
forgetting_calibrated,5,c,spacing,7.0,168.0,14.000000000000002,13.479716714734257
forgetting_calibrated,5,c,spacing,28.0,168.0,26.0,12.955989347887447
forgetting_calibrated,5,c,spacing,84.0,168.0,19.0,11.736211588165512
forgetting_calibrated,5,c,spacing,168.0,168.0,17.0,10.53988263931119
forgetting_calibrated,6,a,forgetting,0.003472222222222222,,92.2,99.791313934787
forgetting_calibrated,6,a,forgetting,1.0,,83.9,82.90794129689316
forgetting_calibrated,6,a,forgetting,2.0,,68.9,69.60905582053188
forgetting_calibrated,6,a,forgetting,4.0,,52.300000000000004,53.80040308107791
forgetting_calibrated,6,a,forgetting,7.0,,43.9,41.577604631991655
forgetting_calibrated,6,a,forgetting,14.0,,28.300000000000004,29.160608287122418
forgetting_calibrated,6,a,spacing,0.003472222222222222,10.0,55.00000000000001,67.05156999138
forgetting_calibrated,6,a,spacing,1.0,10.0,74.0,66.96280521582472
forgetting_calibrated,6,a,spacing,2.0,10.0,69.0,65.72497725366912
forgetting_calibrated,6,a,spacing,4.0,10.0,68.0,63.30572520455431
forgetting_calibrated,6,a,spacing,7.0,10.0,69.0,60.13661115806725
forgetting_calibrated,6,a,spacing,14.0,10.0,65.0,54.47787175380998
forgetting_calibrated,6,b,forgetting,0.013888888888888888,,96.0,93.59089303704785
forgetting_calibrated,6,b,forgetting,1.0,,92.0,91.05618260270593
forgetting_calibrated,6,b,forgetting,7.0,,79.0,76.93320950523353
forgetting_calibrated,6,b,forgetting,28.0,,48.0,50.084454825342384
forgetting_calibrated,6,b,forgetting,84.0,,28.000000000000004,28.806506015806676
forgetting_calibrated,6,b,forgetting,168.0,,22.0,19.608367235139593
forgetting_calibrated,6,b,spacing,0.013888888888888888,168.0,26.0,56.75578306682142
forgetting_calibrated,6,b,spacing,1.0,168.0,33.0,56.820212028536886
forgetting_calibrated,6,b,spacing,7.0,168.0,47.0,56.737951003795274
forgetting_calibrated,6,b,spacing,28.0,168.0,56.00000000000001,55.39239604166719
forgetting_calibrated,6,b,spacing,84.0,168.0,43.0,51.7087091848469
forgetting_calibrated,6,b,spacing,168.0,168.0,45.0,47.449063919090115
forgetting_calibrated,6,c,forgetting,0.013888888888888888,,93.0,93.5490663598647
forgetting_calibrated,6,c,forgetting,1.0,,84.0,87.62790141527485
forgetting_calibrated,6,c,forgetting,7.0,,56.99999999999999,56.29890093146672
forgetting_calibrated,6,c,forgetting,28.0,,25.0,23.678327077986
forgetting_calibrated,6,c,forgetting,84.0,,9.0,10.892380730456297
forgetting_calibrated,6,c,forgetting,168.0,,6.0,7.039684381479772
forgetting_calibrated,6,c,spacing,0.013888888888888888,168.0,8.0,19.03050640284343
forgetting_calibrated,6,c,spacing,1.0,168.0,9.0,19.110678825767426
forgetting_calibrated,6,c,spacing,7.0,168.0,14.000000000000002,19.098171141971974
forgetting_calibrated,6,c,spacing,28.0,168.0,26.0,18.301748015978795
forgetting_calibrated,6,c,spacing,84.0,168.0,19.0,16.34373633474878
forgetting_calibrated,6,c,spacing,168.0,168.0,17.0,14.362582538200389
forgetting_calibrated,7,a,forgetting,0.003472222222222222,,92.2,99.9591732075664
forgetting_calibrated,7,a,forgetting,1.0,,83.9,82.81895624565733
forgetting_calibrated,7,a,forgetting,2.0,,68.9,69.62683505969709
forgetting_calibrated,7,a,forgetting,4.0,,52.300000000000004,53.91671370054976
forgetting_calibrated,7,a,forgetting,7.0,,43.9,41.63741235159135
forgetting_calibrated,7,a,forgetting,14.0,,28.300000000000004,29.004604435207753
forgetting_calibrated,7,a,spacing,0.003472222222222222,10.0,55.00000000000001,64.53006821612829
forgetting_calibrated,7,a,spacing,1.0,10.0,74.0,67.29487194295771
forgetting_calibrated,7,a,spacing,2.0,10.0,69.0,66.30416791171824
forgetting_calibrated,7,a,spacing,4.0,10.0,68.0,64.09251686508061
forgetting_calibrated,7,a,spacing,7.0,10.0,69.0,61.04625028924238
forgetting_calibrated,7,a,spacing,14.0,10.0,65.0,55.43636430154501
forgetting_calibrated,7,b,forgetting,0.013888888888888888,,96.0,93.80166275644916
forgetting_calibrated,7,b,forgetting,1.0,,92.0,91.15004555836575
forgetting_calibrated,7,b,forgetting,7.0,,79.0,76.81225868604284
forgetting_calibrated,7,b,forgetting,28.0,,48.0,50.21398817093209
forgetting_calibrated,7,b,forgetting,84.0,,28.000000000000004,28.876902846919233
forgetting_calibrated,7,b,forgetting,168.0,,22.0,19.472970355783577
forgetting_calibrated,7,b,spacing,0.013888888888888888,168.0,26.0,62.75018192356387
forgetting_calibrated,7,b,spacing,1.0,168.0,33.0,63.05217937773803
forgetting_calibrated,7,b,spacing,7.0,168.0,47.0,63.64790796994829
forgetting_calibrated,7,b,spacing,28.0,168.0,56.00000000000001,63.02637731635531
forgetting_calibrated,7,b,spacing,84.0,168.0,43.0,59.91281958742868
forgetting_calibrated,7,b,spacing,168.0,168.0,45.0,55.86741372834233
forgetting_calibrated,7,c,forgetting,0.013888888888888888,,93.0,93.7564704705688
forgetting_calibrated,7,c,forgetting,1.0,,84.0,87.50559492786687
forgetting_calibrated,7,c,forgetting,7.0,,56.99999999999999,56.151880004585934
forgetting_calibrated,7,c,forgetting,28.0,,25.0,23.928440396361655
forgetting_calibrated,7,c,forgetting,84.0,,9.0,10.815918258754408
forgetting_calibrated,7,c,forgetting,168.0,,6.0,6.7878031157789
forgetting_calibrated,7,c,spacing,0.013888888888888888,168.0,8.0,23.10442673857698
forgetting_calibrated,7,c,spacing,1.0,168.0,9.0,23.475016115244074
forgetting_calibrated,7,c,spacing,7.0,168.0,14.000000000000002,24.042172342047223
forgetting_calibrated,7,c,spacing,28.0,168.0,26.0,23.485443077031487
forgetting_calibrated,7,c,spacing,84.0,168.0,19.0,21.19464922496951
forgetting_calibrated,7,c,spacing,168.0,168.0,17.0,18.644122019884566
joint,3,a,forgetting,0.003472222222222222,,92.2,92.84432089676872
joint,3,a,forgetting,1.0,,83.9,80.21647681195448
joint,3,a,forgetting,2.0,,68.9,69.5715449352901
joint,3,a,forgetting,4.0,,52.300000000000004,54.733004145977596
joint,3,a,forgetting,7.0,,43.9,41.86071916376228
joint,3,a,forgetting,14.0,,28.300000000000004,28.12792423338783
joint,3,a,spacing,0.003472222222222222,10.0,55.00000000000001,58.237348317638684
joint,3,a,spacing,1.0,10.0,74.0,65.4796235159532
joint,3,a,spacing,2.0,10.0,69.0,68.07876695370936
joint,3,a,spacing,4.0,10.0,68.0,69.85140280016375
joint,3,a,spacing,7.0,10.0,69.0,70.12463171528906
joint,3,a,spacing,14.0,10.0,65.0,68.64803952580861
joint,3,b,forgetting,0.013888888888888888,,96.0,97.2682114340513
joint,3,b,forgetting,1.0,,92.0,93.94219482024194
joint,3,b,forgetting,7.0,,79.0,76.28821042698449
joint,3,b,forgetting,28.0,,48.0,48.683555996495606
joint,3,b,forgetting,84.0,,28.000000000000004,28.975201421639273
joint,3,b,forgetting,168.0,,22.0,20.391929420477744
joint,3,b,spacing,0.013888888888888888,168.0,26.0,29.203592767711804
joint,3,b,spacing,1.0,168.0,33.0,33.58167733786639
joint,3,b,spacing,7.0,168.0,47.0,42.264586540509285
joint,3,b,spacing,28.0,168.0,56.00000000000001,48.044104423654275
joint,3,b,spacing,84.0,168.0,43.0,49.491024465938914
joint,3,b,spacing,168.0,168.0,45.0,48.217559851328815
joint,3,c,forgetting,0.013888888888888888,,93.0,97.23541030201676
joint,3,c,forgetting,1.0,,84.0,90.50190128432611
joint,3,c,forgetting,7.0,,56.99999999999999,55.05762809150983
joint,3,c,forgetting,28.0,,25.0,23.556812036560913
joint,3,c,forgetting,84.0,,9.0,11.408464904363901
joint,3,c,forgetting,168.0,,6.0,7.563778862272476
joint,3,c,spacing,0.013888888888888888,168.0,8.0,10.256216043517094
joint,3,c,spacing,1.0,168.0,9.0,12.501720986527745
joint,3,c,spacing,7.0,168.0,14.000000000000002,16.653070872159976
joint,3,c,spacing,28.0,168.0,26.0,19.189558308690852
joint,3,c,spacing,84.0,168.0,19.0,19.32707301002923
joint,3,c,spacing,168.0,168.0,17.0,18.18597368316536
joint,4,a,forgetting,0.003472222222222222,,92.2,95.48951367499765
joint,4,a,forgetting,1.0,,83.9,80.69939040782215
joint,4,a,forgetting,2.0,,68.9,69.40566305706346
joint,4,a,forgetting,4.0,,52.300000000000004,54.76533204394792
joint,4,a,forgetting,7.0,,43.9,42.531680479266235
joint,4,a,forgetting,14.0,,28.300000000000004,29.43991236497127
joint,4,a,spacing,0.003472222222222222,10.0,55.00000000000001,56.20978522026292
joint,4,a,spacing,1.0,10.0,74.0,66.02888488140256
joint,4,a,spacing,2.0,10.0,69.0,68.56102650833857
joint,4,a,spacing,4.0,10.0,68.0,69.99544742803744
joint,4,a,spacing,7.0,10.0,69.0,69.9442625099479
joint,4,a,spacing,14.0,10.0,65.0,68.10298625453433
joint,4,b,forgetting,0.013888888888888888,,96.0,95.50252984582485
joint,4,b,forgetting,1.0,,92.0,92.60800626977668
joint,4,b,forgetting,7.0,,79.0,76.72092177462004
joint,4,b,forgetting,28.0,,48.0,48.69279176172334
joint,4,b,forgetting,84.0,,28.000000000000004,27.552373106077184
joint,4,b,forgetting,168.0,,22.0,18.512481448504623
joint,4,b,spacing,0.013888888888888888,168.0,26.0,31.60199819419851
joint,4,b,spacing,1.0,168.0,33.0,34.46970224884925
joint,4,b,spacing,7.0,168.0,47.0,41.86450976943415
joint,4,b,spacing,28.0,168.0,56.00000000000001,47.71167058071963
joint,4,b,spacing,84.0,168.0,43.0,49.245955101969386
joint,4,b,spacing,168.0,168.0,45.0,47.82991404111889
joint,4,c,forgetting,0.013888888888888888,,93.0,95.46197553542896
joint,4,c,forgetting,1.0,,84.0,89.0726408001866
joint,4,c,forgetting,7.0,,56.99999999999999,55.89905155409135
joint,4,c,forgetting,28.0,,25.0,23.30904334458524
joint,4,c,forgetting,84.0,,9.0,10.506365485126777
joint,4,c,forgetting,168.0,,6.0,6.60087545008121
joint,4,c,spacing,0.013888888888888888,168.0,8.0,10.671877411035013
joint,4,c,spacing,1.0,168.0,9.0,12.439305993307785
joint,4,c,spacing,7.0,168.0,14.000000000000002,16.420389524119436
joint,4,c,spacing,28.0,168.0,26.0,19.2127838053639
joint,4,c,spacing,84.0,168.0,19.0,19.455317158529457
joint,4,c,spacing,168.0,168.0,17.0,18.21786529623009
joint,5,a,forgetting,0.003472222222222222,,92.2,97.97942024363313
joint,5,a,forgetting,1.0,,83.9,81.0994681795978
joint,5,a,forgetting,2.0,,68.9,69.38949816753632
joint,5,a,forgetting,4.0,,52.300000000000004,55.061462088590176
joint,5,a,forgetting,7.0,,43.9,43.39698723858728
joint,5,a,forgetting,14.0,,28.300000000000004,30.86498745266467
joint,5,a,spacing,0.003472222222222222,10.0,55.00000000000001,53.04616370030439
joint,5,a,spacing,1.0,10.0,74.0,66.84981859176482
joint,5,a,spacing,2.0,10.0,69.0,69.13766056537433
joint,5,a,spacing,4.0,10.0,68.0,70.18006887753658
joint,5,a,spacing,7.0,10.0,69.0,69.82072101931688
joint,5,a,spacing,14.0,10.0,65.0,67.66550953867281
joint,5,b,forgetting,0.013888888888888888,,96.0,95.03329008150192
joint,5,b,forgetting,1.0,,92.0,92.34914194279659
joint,5,b,forgetting,7.0,,79.0,77.11630088971675
joint,5,b,forgetting,28.0,,48.0,48.565650845102375
joint,5,b,forgetting,84.0,,28.000000000000004,26.617968406086558
joint,5,b,forgetting,168.0,,22.0,17.41172035061643
joint,5,b,spacing,0.013888888888888888,168.0,26.0,32.76533484431111
joint,5,b,spacing,1.0,168.0,33.0,35.195452305725304
joint,5,b,spacing,7.0,168.0,47.0,41.964604837983266
joint,5,b,spacing,28.0,168.0,56.00000000000001,47.59471653814344
joint,5,b,spacing,84.0,168.0,43.0,48.94586148534006
joint,5,b,spacing,168.0,168.0,45.0,47.32041235013778
joint,5,c,forgetting,0.013888888888888888,,93.0,94.9913293225922
joint,5,c,forgetting,1.0,,84.0,88.80166240424
joint,5,c,forgetting,7.0,,56.99999999999999,56.20204099715268
joint,5,c,forgetting,28.0,,25.0,23.041122805474995
joint,5,c,forgetting,84.0,,9.0,10.051270368363486
joint,5,c,forgetting,168.0,,6.0,6.171632467807239
joint,5,c,spacing,0.013888888888888888,168.0,8.0,11.0098657155925
joint,5,c,spacing,1.0,168.0,9.0,12.636710763263414
joint,5,c,spacing,7.0,168.0,14.000000000000002,16.47659203673211
joint,5,c,spacing,28.0,168.0,26.0,19.23304099234431
joint,5,c,spacing,84.0,168.0,19.0,19.406115014016482
joint,5,c,spacing,168.0,168.0,17.0,18.077174089940602
joint,6,a,forgetting,0.003472222222222222,,92.2,99.0749145483555
joint,6,a,forgetting,1.0,,83.9,81.0471341512942
joint,6,a,forgetting,2.0,,68.9,69.37893308969056
joint,6,a,forgetting,4.0,,52.300000000000004,55.49324195047871
joint,6,a,forgetting,7.0,,43.9,44.269564681169044
joint,6,a,forgetting,14.0,,28.300000000000004,32.0988113075588
joint,6,a,spacing,0.003472222222222222,10.0,55.00000000000001,50.50561116668124
joint,6,a,spacing,1.0,10.0,74.0,67.53571571336379
joint,6,a,spacing,2.0,10.0,69.0,69.48591747193717
joint,6,a,spacing,4.0,10.0,68.0,70.1912305754548
joint,6,a,spacing,7.0,10.0,69.0,69.5993398086628
joint,6,a,spacing,14.0,10.0,65.0,67.21315484571619
joint,6,b,forgetting,0.013888888888888888,,96.0,95.08694284222577
joint,6,b,forgetting,1.0,,92.0,92.49394312465775
joint,6,b,forgetting,7.0,,79.0,77.43498963487468
joint,6,b,forgetting,28.0,,48.0,48.40770712884135
joint,6,b,forgetting,84.0,,28.000000000000004,26.03601711078455
joint,6,b,forgetting,168.0,,22.0,16.788938103377085
joint,6,b,spacing,0.013888888888888888,168.0,26.0,33.3545670178364
joint,6,b,spacing,1.0,168.0,33.0,35.652235046287615
joint,6,b,spacing,7.0,168.0,47.0,42.15453903410026
joint,6,b,spacing,28.0,168.0,56.00000000000001,47.57834680832144
joint,6,b,spacing,84.0,168.0,43.0,48.72696181411915
joint,6,b,spacing,168.0,168.0,45.0,46.93030836552052
joint,6,c,forgetting,0.013888888888888888,,93.0,95.04484934537162
joint,6,c,forgetting,1.0,,84.0,88.93592536883291
joint,6,c,forgetting,7.0,,56.99999999999999,56.299459797595
joint,6,c,forgetting,28.0,,25.0,22.817024541711508
joint,6,c,forgetting,84.0,,9.0,9.807659450217104
joint,6,c,forgetting,168.0,,6.0,5.965694785593842
joint,6,c,spacing,0.013888888888888888,168.0,8.0,11.232640468067979
joint,6,c,spacing,1.0,168.0,9.0,12.826828219205352
joint,6,c,spacing,7.0,168.0,14.000000000000002,16.587688894588247
joint,6,c,spacing,28.0,168.0,26.0,19.253993386554836
joint,6,c,spacing,84.0,168.0,19.0,19.33227665413158
joint,6,c,spacing,168.0,168.0,17.0,17.93555463266445
joint,7,a,forgetting,0.003472222222222222,,92.2,99.50187128621849
joint,7,a,forgetting,1.0,,83.9,80.72550152568392
joint,7,a,forgetting,2.0,,68.9,69.26926243767
joint,7,a,forgetting,4.0,,52.300000000000004,55.85331563557949
joint,7,a,forgetting,7.0,,43.9,45.02293888087531
joint,7,a,forgetting,14.0,,28.300000000000004,33.16297155515653
joint,7,a,spacing,0.003472222222222222,10.0,55.00000000000001,48.654238901069014
joint,7,a,spacing,1.0,10.0,74.0,67.97525957187221
joint,7,a,spacing,2.0,10.0,69.0,69.65761716044135
joint,7,a,spacing,4.0,10.0,68.0,70.13671466274576
joint,7,a,spacing,7.0,10.0,69.0,69.4042861401816
joint,7,a,spacing,14.0,10.0,65.0,66.89503196073888
joint,7,b,forgetting,0.013888888888888888,,96.0,95.25622102806878
joint,7,b,forgetting,1.0,,92.0,92.69809947174673
joint,7,b,forgetting,7.0,,79.0,77.63756566862534
joint,7,b,forgetting,28.0,,48.0,48.29139097229784
joint,7,b,forgetting,84.0,,28.000000000000004,25.733335496726134
joint,7,b,forgetting,168.0,,22.0,16.48892425793375
joint,7,b,spacing,0.013888888888888888,168.0,26.0,33.59221679599288
joint,7,b,spacing,1.0,168.0,33.0,35.871423113475785
joint,7,b,spacing,7.0,168.0,47.0,42.2954324873468
joint,7,b,spacing,28.0,168.0,56.00000000000001,47.60027318003422
joint,7,b,spacing,84.0,168.0,43.0,48.62003608375238
joint,7,b,spacing,168.0,168.0,45.0,46.72505854710109
joint,7,c,forgetting,0.013888888888888888,,93.0,95.21430477052661
joint,7,c,forgetting,1.0,,84.0,89.13151790016943
joint,7,c,forgetting,7.0,,56.99999999999999,56.31585519982121
joint,7,c,forgetting,28.0,,25.0,22.674523298340326
joint,7,c,forgetting,84.0,,9.0,9.691516931031488
joint,7,c,forgetting,168.0,,6.0,5.876597733896184
joint,7,c,spacing,0.013888888888888888,168.0,8.0,11.339944692863453
joint,7,c,spacing,1.0,168.0,9.0,12.94016095290376
joint,7,c,spacing,7.0,168.0,14.000000000000002,16.671033589386816
joint,7,c,spacing,28.0,168.0,26.0,19.272929679050115
joint,7,c,spacing,84.0,168.0,19.0,19.28807661636448
joint,7,c,spacing,168.0,168.0,17.0,17.854034334452724
spacing_only,3,a,forgetting,0.003472222222222222,,92.2,99.06493417926515
spacing_only,3,a,forgetting,1.0,,83.9,22.604684906653567
spacing_only,3,a,forgetting,2.0,,68.9,14.743566347057161
spacing_only,3,a,forgetting,4.0,,52.300000000000004,9.58197386513133
spacing_only,3,a,forgetting,7.0,,43.9,6.809172341671819
spacing_only,3,a,forgetting,14.0,,28.300000000000004,4.523706731873992
spacing_only,3,a,spacing,0.003472222222222222,10.0,55.00000000000001,55.02466612715233
spacing_only,3,a,spacing,1.0,10.0,74.0,70.47099174155244
spacing_only,3,a,spacing,2.0,10.0,69.0,70.70109947337096
spacing_only,3,a,spacing,4.0,10.0,68.0,70.00473981022395
spacing_only,3,a,spacing,7.0,10.0,69.0,68.50858387319713
spacing_only,3,a,spacing,14.0,10.0,65.0,65.24335830345514
spacing_only,3,b,forgetting,0.013888888888888888,,96.0,99.9999752210622
spacing_only,3,b,forgetting,1.0,,92.0,99.99895705342075
spacing_only,3,b,forgetting,7.0,,79.0,99.5171918817104
spacing_only,3,b,forgetting,28.0,,48.0,76.99839566781608
spacing_only,3,b,forgetting,84.0,,28.000000000000004,20.87687639151603
spacing_only,3,b,forgetting,168.0,,22.0,6.769494255395675
spacing_only,3,b,spacing,0.013888888888888888,168.0,26.0,24.676511447660726
spacing_only,3,b,spacing,1.0,168.0,33.0,32.582884317572486
spacing_only,3,b,spacing,7.0,168.0,47.0,46.72359236149936
spacing_only,3,b,spacing,28.0,168.0,56.00000000000001,52.9863043704305
spacing_only,3,b,spacing,84.0,168.0,43.0,49.78188674368876
spacing_only,3,b,spacing,168.0,168.0,45.0,42.608770705434964
spacing_only,3,c,forgetting,0.013888888888888888,,93.0,99.99997600922781
spacing_only,3,c,forgetting,1.0,,84.0,99.99964022785068
spacing_only,3,c,forgetting,7.0,,56.99999999999999,99.78078796747522
spacing_only,3,c,forgetting,28.0,,25.0,73.51927717381021
spacing_only,3,c,forgetting,84.0,,9.0,11.165225181238233
spacing_only,3,c,forgetting,168.0,,6.0,2.752148042690268
spacing_only,3,c,spacing,0.013888888888888888,168.0,8.0,9.309013621632607
spacing_only,3,c,spacing,1.0,168.0,9.0,11.504444153022597
spacing_only,3,c,spacing,7.0,168.0,14.000000000000002,17.939437481226964
spacing_only,3,c,spacing,28.0,168.0,26.0,22.007120117620968
spacing_only,3,c,spacing,84.0,168.0,19.0,19.42104247502713
spacing_only,3,c,spacing,168.0,168.0,17.0,14.833109841928843
spacing_only,4,a,forgetting,0.003472222222222222,,92.2,98.90659680813587
spacing_only,4,a,forgetting,1.0,,83.9,20.755955484694162
spacing_only,4,a,forgetting,2.0,,68.9,13.069403751966243
spacing_only,4,a,forgetting,4.0,,52.300000000000004,8.159579005002369
spacing_only,4,a,forgetting,7.0,,43.9,5.596954870035073
spacing_only,4,a,forgetting,14.0,,28.300000000000004,3.54831127164381
spacing_only,4,a,spacing,0.003472222222222222,10.0,55.00000000000001,55.11178832954858
spacing_only,4,a,spacing,1.0,10.0,74.0,70.65663194039708
spacing_only,4,a,spacing,2.0,10.0,69.0,70.88315544998778
spacing_only,4,a,spacing,4.0,10.0,68.0,70.10448575985883
spacing_only,4,a,spacing,7.0,10.0,69.0,68.44441588509514
spacing_only,4,a,spacing,14.0,10.0,65.0,64.7938467133111
spacing_only,4,b,forgetting,0.013888888888888888,,96.0,99.99956710545608
spacing_only,4,b,forgetting,1.0,,92.0,99.98909616577795
spacing_only,4,b,forgetting,7.0,,79.0,98.09448893823478
spacing_only,4,b,forgetting,28.0,,48.0,57.89031419510534
spacing_only,4,b,forgetting,84.0,,28.000000000000004,11.326607252141088
spacing_only,4,b,forgetting,168.0,,22.0,3.4630343754576653
spacing_only,4,b,spacing,0.013888888888888888,168.0,26.0,24.87171841351192
spacing_only,4,b,spacing,1.0,168.0,33.0,32.75250570628621
spacing_only,4,b,spacing,7.0,168.0,47.0,46.4389273791744
spacing_only,4,b,spacing,28.0,168.0,56.00000000000001,52.786208513308516
spacing_only,4,b,spacing,84.0,168.0,43.0,49.8879658735112
spacing_only,4,b,spacing,168.0,168.0,45.0,42.76811482248502
spacing_only,4,c,forgetting,0.013888888888888888,,93.0,99.99957831031533
spacing_only,4,c,forgetting,1.0,,84.0,99.99505462878403
spacing_only,4,c,forgetting,7.0,,56.99999999999999,98.82665725411714
spacing_only,4,c,forgetting,28.0,,25.0,50.989553412360436
spacing_only,4,c,forgetting,84.0,,9.0,5.653808748145791
spacing_only,4,c,forgetting,168.0,,6.0,1.357222143538891
spacing_only,4,c,spacing,0.013888888888888888,168.0,8.0,8.99378732473706
spacing_only,4,c,spacing,1.0,168.0,9.0,11.33206701797677
spacing_only,4,c,spacing,7.0,168.0,14.000000000000002,17.841731663995493
spacing_only,4,c,spacing,28.0,168.0,26.0,22.03325301904944
spacing_only,4,c,spacing,84.0,168.0,19.0,19.620928503623997
spacing_only,4,c,spacing,168.0,168.0,17.0,14.935331483943234
spacing_only,5,a,forgetting,0.003472222222222222,,92.2,99.3935962553547
spacing_only,5,a,forgetting,1.0,,83.9,25.832926470333355
spacing_only,5,a,forgetting,2.0,,68.9,16.12466779931763
spacing_only,5,a,forgetting,4.0,,52.300000000000004,9.848845729904523
spacing_only,5,a,forgetting,7.0,,43.9,6.598183686600774
spacing_only,5,a,forgetting,14.0,,28.300000000000004,4.045971087323961
spacing_only,5,a,spacing,0.003472222222222222,10.0,55.00000000000001,55.2131706498972
spacing_only,5,a,spacing,1.0,10.0,74.0,70.91016843390099
spacing_only,5,a,spacing,2.0,10.0,69.0,71.08645036186533
spacing_only,5,a,spacing,4.0,10.0,68.0,70.1851802911598
spacing_only,5,a,spacing,7.0,10.0,69.0,68.34054894109472
spacing_only,5,a,spacing,14.0,10.0,65.0,64.30851870256056
spacing_only,5,b,forgetting,0.013888888888888888,,96.0,99.99852250192042
spacing_only,5,b,forgetting,1.0,,92.0,99.96947229772546
spacing_only,5,b,forgetting,7.0,,79.0,96.40267337538111
spacing_only,5,b,forgetting,28.0,,48.0,47.01973690369665
spacing_only,5,b,forgetting,84.0,,28.000000000000004,8.280403026702322
spacing_only,5,b,forgetting,168.0,,22.0,2.5350999994345105
spacing_only,5,b,spacing,0.013888888888888888,168.0,26.0,24.949207695289683
spacing_only,5,b,spacing,1.0,168.0,33.0,32.80627805291134
spacing_only,5,b,spacing,7.0,168.0,47.0,46.25374847352279
spacing_only,5,b,spacing,28.0,168.0,56.00000000000001,52.62310090250083
spacing_only,5,b,spacing,84.0,168.0,43.0,49.94051598475553
spacing_only,5,b,spacing,168.0,168.0,45.0,42.98132460202861
spacing_only,5,c,forgetting,0.013888888888888888,,93.0,99.99855848551161
spacing_only,5,c,forgetting,1.0,,84.0,99.98510735697644
spacing_only,5,c,forgetting,7.0,,56.99999999999999,97.60338086588669
spacing_only,5,c,forgetting,28.0,,25.0,39.73248020260674
spacing_only,5,c,forgetting,84.0,,9.0,4.058003436559342
spacing_only,5,c,forgetting,168.0,,6.0,0.9829627360230164
spacing_only,5,c,spacing,0.013888888888888888,168.0,8.0,8.904798334485864
spacing_only,5,c,spacing,1.0,168.0,9.0,11.270301898789189
spacing_only,5,c,spacing,7.0,168.0,14.000000000000002,17.7486358214968
spacing_only,5,c,spacing,28.0,168.0,26.0,21.98858556788102
spacing_only,5,c,spacing,84.0,168.0,19.0,19.72034560231478
spacing_only,5,c,spacing,168.0,168.0,17.0,15.068430763034202
spacing_only,6,a,forgetting,0.003472222222222222,,92.2,99.84047262491815
spacing_only,6,a,forgetting,1.0,,83.9,41.89199520840193
spacing_only,6,a,forgetting,2.0,,68.9,27.70054565163785
spacing_only,6,a,forgetting,4.0,,52.300000000000004,17.415887676893902
spacing_only,6,a,forgetting,7.0,,43.9,11.771840047724083
spacing_only,6,a,forgetting,14.0,,28.300000000000004,7.224280392895427
spacing_only,6,a,spacing,0.003472222222222222,10.0,55.00000000000001,55.296786187244464
spacing_only,6,a,spacing,1.0,10.0,74.0,71.15797523689399
spacing_only,6,a,spacing,2.0,10.0,69.0,71.25215093332417
spacing_only,6,a,spacing,4.0,10.0,68.0,70.22309575818092
spacing_only,6,a,spacing,7.0,10.0,69.0,68.22668254962383
spacing_only,6,a,spacing,14.0,10.0,65.0,63.93165001311277
spacing_only,6,b,forgetting,0.013888888888888888,,96.0,99.99912939864737
spacing_only,6,b,forgetting,1.0,,92.0,99.98042353258826
spacing_only,6,b,forgetting,7.0,,79.0,97.40669822319263
spacing_only,6,b,forgetting,28.0,,48.0,55.01631158737571
spacing_only,6,b,forgetting,84.0,,28.000000000000004,11.360766771763858
spacing_only,6,b,forgetting,168.0,,22.0,3.6775474717258034
spacing_only,6,b,spacing,0.013888888888888888,168.0,26.0,24.876635919314253
spacing_only,6,b,spacing,1.0,168.0,33.0,32.754853743258316
spacing_only,6,b,spacing,7.0,168.0,47.0,46.20550151087608
spacing_only,6,b,spacing,28.0,168.0,56.00000000000001,52.520071472867194
spacing_only,6,b,spacing,84.0,168.0,43.0,49.93299119183584
spacing_only,6,b,spacing,168.0,168.0,45.0,43.21495663774771
spacing_only,6,c,forgetting,0.013888888888888888,,93.0,99.99915298377235
spacing_only,6,c,forgetting,1.0,,84.0,99.99141196367478
spacing_only,6,c,forgetting,7.0,,56.99999999999999,98.46015124393251
spacing_only,6,c,forgetting,28.0,,25.0,48.744500225439616
spacing_only,6,c,forgetting,84.0,,9.0,5.738778517121983
spacing_only,6,c,forgetting,168.0,,6.0,1.4474162655040546
spacing_only,6,c,spacing,0.013888888888888888,168.0,8.0,9.04707855677791
spacing_only,6,c,spacing,1.0,168.0,9.0,11.325391080926952
spacing_only,6,c,spacing,7.0,168.0,14.000000000000002,17.697260105727697
spacing_only,6,c,spacing,28.0,168.0,26.0,21.894626534185793
spacing_only,6,c,spacing,84.0,168.0,19.0,19.693944643958826
spacing_only,6,c,spacing,168.0,168.0,17.0,15.18127103069395
spacing_only,7,a,forgetting,0.003472222222222222,,92.2,99.93085561826999
spacing_only,7,a,forgetting,1.0,,83.9,52.41857706016913
spacing_only,7,a,forgetting,2.0,,68.9,36.395381680796085
spacing_only,7,a,forgetting,4.0,,52.300000000000004,23.61371091157542
spacing_only,7,a,forgetting,7.0,,43.9,16.192014457549657
spacing_only,7,a,forgetting,14.0,,28.300000000000004,10.02411916710536
spacing_only,7,a,spacing,0.003472222222222222,10.0,55.00000000000001,55.40103429690534
spacing_only,7,a,spacing,1.0,10.0,74.0,71.3001030515971
spacing_only,7,a,spacing,2.0,10.0,69.0,71.33902976656886
spacing_only,7,a,spacing,4.0,10.0,68.0,70.2301771911647
spacing_only,7,a,spacing,7.0,10.0,69.0,68.14359296109043
spacing_only,7,a,spacing,14.0,10.0,65.0,63.69909458744685
spacing_only,7,b,forgetting,0.013888888888888888,,96.0,99.9993848874284
spacing_only,7,b,forgetting,1.0,,92.0,99.98521436012577
spacing_only,7,b,forgetting,7.0,,79.0,97.87065137038721
spacing_only,7,b,forgetting,28.0,,48.0,59.68734625867819
spacing_only,7,b,forgetting,84.0,,28.000000000000004,13.695712931188424
spacing_only,7,b,forgetting,168.0,,22.0,4.619386608621504
spacing_only,7,b,spacing,0.013888888888888888,168.0,26.0,24.800699608930532
spacing_only,7,b,spacing,1.0,168.0,33.0,32.70738785624487
spacing_only,7,b,spacing,7.0,168.0,47.0,46.17034449289261
spacing_only,7,b,spacing,28.0,168.0,56.00000000000001,52.449738388373454
spacing_only,7,b,spacing,84.0,168.0,43.0,49.936027080406376
spacing_only,7,b,spacing,168.0,168.0,45.0,43.39358523488175
spacing_only,7,c,forgetting,0.013888888888888888,,93.0,99.99940287810283
spacing_only,7,c,forgetting,1.0,,84.0,99.99403699572731
spacing_only,7,c,forgetting,7.0,,56.99999999999999,98.84667790888851
spacing_only,7,c,forgetting,28.0,,25.0,54.4239385217641
spacing_only,7,c,forgetting,84.0,,9.0,7.080297043222711
spacing_only,7,c,forgetting,168.0,,6.0,1.8395617893370755
spacing_only,7,c,spacing,0.013888888888888888,168.0,8.0,9.145591790849101
spacing_only,7,c,spacing,1.0,168.0,9.0,11.36058840428934
spacing_only,7,c,spacing,7.0,168.0,14.000000000000002,17.65448461602054
spacing_only,7,c,spacing,28.0,168.0,26.0,21.82753560754161
spacing_only,7,c,spacing,84.0,168.0,19.0,19.680516711738317
spacing_only,7,c,spacing,168.0,168.0,17.0,15.269350730308648
